<?xml version="1.0" encoding="UTF-8"?>
<project-private xmlns="http://www.netbeans.org/ns/project-private/1">
    <editor-bookmarks xmlns="http://www.netbeans.org/ns/editor-bookmarks/2" lastBookmarkId="0"/>
    <open-files xmlns="http://www.netbeans.org/ns/projectui-open-files/2">
        <group>
            <file>file:/G:/TicTacToe/TicTacToe/src/tictactoe/Player.java</file>
            <file>file:/G:/TicTacToe/TicTacToe/src/tictactoe/TicTacToeFlash.java</file>
            <file>file:/G:/TicTacToe/TicTacToe/src/tictactoe/AIMind.java</file>
            <file>file:/G:/TicTacToe/TicTacToe/src/tictactoe/Board.java</file>
            <file>file:/G:/TicTacToe/TicTacToe/src/tictactoe/GameState.java</file>
            <file>file:/G:/TicTacToe/TicTacToe/src/tictactoe/Human.java</file>
        </group>
    </open-files>
</project-private>
